"id","question","ground_truth_answer","source_document","source_section","category"
"1","What is the Part D Collision deductible on the 2025 Tesla Model 3 policy?","$500","Full_03_2025_Tesla_Model3.pdf","Coverage Schedule and Premium","factual_lookup"
"2","What Bodily Injury Liability limits are shown on the 2019 Honda Civic (minimum limits) policy?","$50,000 each person / $100,000 each accident (state minimum)","Full_04_2019_Honda_Civic_MinimumLimits.pdf","Coverage Schedule and Premium","factual_lookup"
"3","Does the minimum-limits Honda Civic policy include Medical Payments coverage?","No, Medical Payments coverage was declined and does not appear on the coverage schedule","Full_04_2019_Honda_Civic_MinimumLimits.pdf","Coverage Schedule and Premium","exclusion_check"
"4","What is the total 6-month premium for the 2023 BMW 530i policy?","$1,046.85","Full_07_2023_BMW_530i.pdf","Coverage Schedule and Premium","factual_lookup"
"5","What endorsement is attached to the BMW 530i policy that guarantees manufacturer-original parts in repairs?","CA-55, Original Equipment Manufacturer (OEM) Parts Endorsement","Full_07_2023_BMW_530i.pdf","Schedule of Endorsements","factual_lookup"
"6","What is the Comprehensive deductible on the 2021 Chevrolet Suburban policy?","$250","Full_05_2021_Chevrolet_Suburban.pdf","Coverage Schedule and Premium","factual_lookup"
"7","Is there a lienholder on file for the 2021 Chevrolet Suburban policy?","No, no lienholder or loss payee is on file for this vehicle","Full_05_2021_Chevrolet_Suburban.pdf","Lienholder / Loss Payee Information","exclusion_check"
"8","Who is the lienholder on the 2025 Tesla Model 3 policy?","Meridian Auto Capital (account MAC-8820174)","Full_03_2025_Tesla_Model3.pdf","Lienholder / Loss Payee Information","factual_lookup"
"9","What discount is applied to the 2018 Toyota RAV4 policy due to the driver's age and mileage?","Mature Driver / Low Mileage Discount (-$26.00)","Full_08_2018_Toyota_RAV4_SeniorDriver.pdf","Coverage Schedule and Premium","factual_lookup"
"10","What is the Agreed Value stated for the 2020 Mazda MX-5 Miata under its Comprehensive coverage?","$24,000 (Stated/Agreed Value)","Full_06_2020_Mazda_Miata.pdf","Coverage Schedule and Premium","factual_lookup"
"11","Does the Mazda Miata policy exclude loss during track days or organized racing?","Yes, Part D excludes loss occurring while the covered auto is used in or preparing for organized racing, speed contests, or track day events","Full_06_2020_Mazda_Miata.pdf","Part D Exclusions","exclusion_check"
"12","What license class must the operator of the covered motorcycle hold for the Kawasaki Ninja 650 policy?","A valid California M1 or M2 motorcycle license endorsement","Full_09_2022_Kawasaki_Ninja650_Motorcycle.pdf","Part A Exclusions / Endorsements","factual_lookup"
"13","What is the Bodily Injury Liability limit on the Kawasaki Ninja 650 motorcycle policy?","$100,000 each person / $300,000 each accident","Full_09_2022_Kawasaki_Ninja650_Motorcycle.pdf","Coverage Schedule and Premium","factual_lookup"
"14","Does the Ford F-150 policy cover use of the truck to carry goods for a fee?","No, Part A excludes use of the vehicle to carry persons or property for a fee, including business/for-hire use beyond the declared business-use class, unless endorsed","Full_02_2023_Ford_F150.pdf","Part A Exclusions","exclusion_check"
"15","What endorsement extends coverage to a non-owned trailer towed by the Ford F-150?","CA-45, Trailer/Towing Endorsement","Full_02_2023_Ford_F150.pdf","Schedule of Endorsements","factual_lookup"
"16","What is the Rental Reimbursement daily/maximum benefit on the original Toyota Camry specimen policy?","$30/day, $900 maximum","CA_Personal_Auto_Policy_SPECIMEN.pdf","Coverage Schedule and Premium","factual_lookup"
"17","What is the VIN of the covered vehicle on the original Toyota Camry specimen policy?","4T1G11AK2NU123456","CA_Personal_Auto_Policy_SPECIMEN.pdf","Schedule of Covered Vehicles","factual_lookup"
"18","What is the EV Battery/Charging Equipment Endorsement sublimit on the Tesla Model 3 policy?","$2,000 sublimit, $250 deductible","Full_03_2025_Tesla_Model3.pdf","Coverage Schedule and Premium","factual_lookup"
"19","Does the EV Battery & Charging Equipment Endorsement (CA-51) cover gradual battery capacity degradation?","No, it is explicitly excluded","09_Endorsement_CA-51.pdf","Provisions","exclusion_check"
"20","What does the CA-51 endorsement define as ""Home Charging Equipment""?","A permanently installed Level 1 or Level 2 EV charging unit, and its associated wiring and mounting hardware, located at the insured's residence and owned by them","09_Endorsement_CA-51.pdf","Additional Definitions","factual_lookup"
"21","What is the sublimit under the Motorcycle Safety Apparel & Helmet Endorsement (CA-60)?","$1,500 per occurrence","11_Endorsement_CA-60.pdf","Schedule","factual_lookup"
"22","Under CA-60, what license requirement must be met at the time of loss for coverage to apply?","A valid California M1 or M2 motorcycle license endorsement","11_Endorsement_CA-60.pdf","Provisions","exclusion_check"
"23","What does the Agreed Value Endorsement (CA-33) apply to — total losses only or also partial losses?","Only total losses; partial (repairable) losses remain subject to the standard Part D Limit of Liability provision","07_Endorsement_CA-33.pdf","Provisions","exclusion_check"
"24","What is the Trailer/Towing Endorsement (CA-45) physical damage sublimit range shown in the specimen schedule?","$3,000–$5,000 combined (as shown on the Declarations Page)","08_Endorsement_CA-45.pdf","Schedule","factual_lookup"
"25","Does the OEM Parts Endorsement (CA-55) require OEM parts for normal wear-and-tear items like tires and wiper blades?","No, it does not apply to parts subject to normal wear-and-tear replacement","10_Endorsement_CA-55.pdf","Provisions","exclusion_check"
"26","What statutory changes does the California Amendatory Endorsement (CA-01) make to the Cancellation provision?","It requires that after the policy has been in effect 60 days (or on renewal), cancellation is permitted only for reasons under Cal. Ins. Code § 663 and § 1861.03","06_Endorsement_CA-01.pdf","Provisions","factual_lookup"
"27","What is the Good Driver Discount factor applied to Collision coverage per the rate manual?","0.80 (a 20% discount)","RR-04_Good_Driver_Factors.pdf","Discount Factors by Coverage","factual_lookup"
"28","What is the Good Driver Discount factor applied to Comprehensive coverage?","0.90 (a 10% discount)","RR-04_Good_Driver_Factors.pdf","Discount Factors by Coverage","factual_lookup"
"29","What Increased Limits Factor applies to $100,000/$300,000 Bodily Injury Liability limits?","1.462","RR-05_ILF_Table.pdf","Bodily Injury Liability Increased Limits Factors","rate_reasoning"
"30","What is the base semi-annual rate for Property Damage Liability at the Preferred (Good Driver) class?","$54.55","RR-01_Base_Liability_Rates.pdf","Base Rates – Property Damage Liability","factual_lookup"
"31","What territory factor applies to garaging ZIP codes in the Beverly Hills / Westside LA territory (Territory 34)?","1.31","RR-03_Territory_Defs.pdf","Representative Territory Factors","rate_reasoning"
"32","What deductible relativity factor applies to a $1,000 Collision deductible versus the $500 base?","0.84","RR-02_Base_PhysDamage_Rates.pdf","Deductible Relativity Factors","rate_reasoning"
"33","What vehicle symbol relativity factor applies to a premium-trim electric vehicle under the Collision base rate table?","1.71 (Symbol 24)","RR-06_Symbol_Relativities.pdf","Illustrative Vehicle Symbol Relativities","rate_reasoning"
"34","What model year age factor applies to a vehicle that is 7–9 years old?","0.68","RR-06_Symbol_Relativities.pdf","Model Year Age Factor","rate_reasoning"
"35","What is the base endorsement premium for the EV Battery/Charging rating rule before applying the equipment value factor?","$12.00 per 6-month term","RR-07_EV_Rating_Rule.pdf","Premium Calculation","rate_reasoning"
"36","What MSF safety course completion discount factor applies under the motorcycle rating rule?","0.90 (a 10% discount)","RR-08_Moto_Rating_Rule.pdf","Safety Apparel Endorsement Premium","rate_reasoning"
"37","What is the classification factor for a motorcycle with 601–900cc engine displacement?","1.00","RR-08_Moto_Rating_Rule.pdf","Motorcycle Classification Factors","rate_reasoning"
"38","What is the overall statewide rate level impact requested in the specimen SERFF filing?","+4.8% (illustrative)","01_NAIC_Transmittal_Document.pdf","Filing Description / Purpose","factual_lookup"
"39","Which two endorsement forms are introduced as brand-new forms in this SERFF filing?","CA-51 (EV Battery & Charging Equipment) and CA-60 (Motorcycle Safety Apparel & Helmet)","03_Form_Schedule.pdf","Form Schedule","factual_lookup"
"40","What is the indicated versus selected overall rate change per the actuarial memorandum?","Indicated +6.2%, selected +4.8%","04_Actuarial_Memorandum.pdf","Indicated vs. Selected Rate Level Change","rate_reasoning"
"41","What underwriting profit and contingencies provision is used in the actuarial memorandum's expense analysis?","4.0%","04_Actuarial_Memorandum.pdf","Expense and Profit Provision","factual_lookup"
"42","According to the explanatory memorandum, which coverages see a larger rate increase — liability or physical damage?","Physical damage (Collision and Comprehensive) increase more than liability, reflecting higher vehicle repair costs","05_Explanatory_Memorandum.pdf","What Is Changing","factual_lookup"
"43","Which vehicles in the corpus have an OEM Parts Endorsement (CA-55) attached?","The 2023 BMW 530i policy","Full_07_2023_BMW_530i.pdf","Schedule of Endorsements","cross_document_comparison"
"44","Which vehicles in the corpus have a trailer/towing-related endorsement attached?","The 2023 Ford F-150 (CA-45) and the 2021 Chevrolet Suburban (towing package, CA-45)","Full_02_2023_Ford_F150.pdf / Full_05_2021_Chevrolet_Suburban.pdf","Schedule of Endorsements","cross_document_comparison"
"45","Comparing the Honda Civic (minimum limits) and BMW 530i policies, which has higher Bodily Injury Liability limits?","The BMW 530i, at $300,000/$500,000 versus the Civic's $50,000/$100,000 state minimum","Full_04_2019_Honda_Civic_MinimumLimits.pdf / Full_07_2023_BMW_530i.pdf","Coverage Schedule and Premium","cross_document_comparison"
"46","Across all 9 detailed vehicle policies, which has the lowest total 6-month premium?","The 2018 Toyota RAV4 (senior driver) policy at $530.75","Full_08_2018_Toyota_RAV4_SeniorDriver.pdf","Coverage Schedule and Premium","cross_document_comparison"
"47","Does this policy corpus provide coverage for flood damage to a home (homeowners coverage)?","Not answerable from this corpus — these are personal auto policy documents only; no homeowners coverage is included","N/A","N/A","unanswerable"
"48","What is the roadside assistance benefit limit under the umbrella liability policy in this corpus?","Not answerable — this corpus does not contain an umbrella liability policy document","N/A","N/A","unanswerable"
"49","What is the pet injury coverage limit under any of these auto policies?","Not answerable — none of the policy wordings or endorsements in this corpus include a pet injury coverage provision","N/A","N/A","unanswerable"
"50","Is rideshare (TNC) driving covered under Part A for any vehicle in this corpus without an added endorsement?","No — every policy's Part A excludes for-hire/rideshare use unless a TNC endorsement is separately purchased, and no policy in this corpus includes such an endorsement","Full_01_2024_Honda_CRV.pdf (representative)","Part A Exclusions","exclusion_check"
